year,publication_count,full_text_count,doi_count,full_text_share
2022,9,9,6,1.0
2023,8,8,2,1.0
2024,13,13,6,1.0
2025,21,20,10,0.9523809523809523
2026,7,6,0,0.8571428571428571
